Cites;Authors;title;Year;Source;Publisher;ArticleURL;CitesURL;GSRank;QueryDate;Type;DOI;ISSN;CitationURL;Volume;Issue;StartPage;EndPage;ECC;CitesPerYear;CitesPerAuthor;AuthorCount;Age;Abstract;FullTextURL;RelatedURL
269;M de Haas, R Faber, M Hamersma;how covid-19 and the dutch intelligent lockdownchange activities work and travel behaviour evidence from longitudinal data in the netherlands;2020;Transportation Research …;Elsevier;https://www.sciencedirect.com/science/article/pii/S2590198220300610;https://scholar.google.com/scholar?cites=12714461507559825786&as_sdt=2005&sciodt=2007&hl=en;7;15.12.2021 07:51;HTML;;;;;;;;269;26900;90;3;1;COVID-19 has massively affected the lives of people all over the world. This paper presents first insights in current and potential future effects of the virus and the Dutch government's 'intelligent lockdown'on people's activities and travel behaviour. Findings are based on a …;https://www.sciencedirect.com/science/article/pii/S2590198220300610;https://scholar.google.com/scholar?q=related:eiF7hGDXcrAJ:scholar.google.com/&scioq=intitle:travel+intitle:lockdown&hl=en&as_sdt=2007
128;S Jain, T Sharma;social and travel lockdown impact considering coronavirus disease covid-19 on air quality in megacities of india present benefits future challenges and ;2020;Aerosol and Air Quality Research;aaqr.org;https://aaqr.org/articles/aaqr-20-04-covid-0171?rCH=2;https://scholar.google.com/scholar?cites=12877145131848767342&as_sdt=2005&sciodt=2007&hl=en;1;15.12.2021 07:51;HTML;;;;;;;;128;12800;64;2;1;ABSTRACT The coronavirus disease (COVID-19) created enormous pressure across the globe due to an increasing number of COVID-19 infected cases. All the governments' primary focus is to save humanity from this pandemic problem, and they have lockdown …;https://aaqr.org/articles/aaqr-20-04-covid-0171?rCH=2;https://scholar.google.com/scholar?q=related:bhf_eEXPtLIJ:scholar.google.com/&scioq=intitle:travel+intitle:lockdown&hl=en&as_sdt=2007
52;TH Oum, K Wang;socially optimal lockdown and travel restrictions for fighting communicable virus including covid-19;2020;Transport Policy;Elsevier;https://www.sciencedirect.com/science/article/pii/S0967070X20305643;https://scholar.google.com/scholar?cites=17562308765331005193&as_sdt=2005&sciodt=2007&hl=en;2;15.12.2021 07:51;;;;;;;;;52;5200;26;2;1;This paper examines the socially optimal lockdown and travel (social activity) restriction policies for communicable virus including COVID-19. In our simple model, we exploit the remarkable similarity in the structure of external costs causing market failure between the …;https://www.ncbi.nlm.nih.gov/pmc/articles/PMC7346821/;https://scholar.google.com/scholar?q=related:CZ9I4cXaufMJ:scholar.google.com/&scioq=intitle:travel+intitle:lockdown&hl=en&as_sdt=2007
52;DS Pawar, AK Yadav, N Akolekar, NR Velaga;impact of physical distancing due to novel coronavirus sars-cov-2 on daily travel for work during transition to lockdown;2020;Transportation research …;Elsevier;https://www.sciencedirect.com/science/article/pii/S2590198220301147;https://scholar.google.com/scholar?cites=1652481476099958096&as_sdt=2005&sciodt=2007&hl=en;13;15.12.2021 07:51;HTML;;;;;;;;52;5200;13;4;1;The outbreak of COVID-19 pandemic has resulted in change in both commute and personal travel patterns. Though, in India, lockdown was implemented from 25th March 2020, due to …;https://www.sciencedirect.com/science/article/pii/S2590198220301147;https://scholar.google.com/scholar?q=related:UOXZtCXL7hYJ:scholar.google.com/&scioq=intitle:travel+intitle:lockdown&hl=en&as_sdt=2007
49;G McCartney;the impact of the coronavirus outbreak on macao from tourism lockdown to tourism recovery;2021;Current Issues in Tourism;Taylor & Francis;https://www.tandfonline.com/doi/abs/10.1080/13683500.2020.1762549;https://scholar.google.com/scholar?cites=12127515406687200143&as_sdt=2005&sciodt=2007&hl=en;1;15.12.2021 06:21;;10.1080/13683500.2020.1762549;;;;;;;49;4900;49;1;1;Macao was one of the first cities outside China to start a gradual tourism lockdown in January 2020 due to the coronavirus outbreak. Although critical to Macao's economy, tourism had essentially ceased by March 2020, as the city closed its borders to regional and …;;https://scholar.google.com/scholar?q=related:j-OqDwKXTagJ:scholar.google.com/&scioq=intitle:tourism+intitle:lockdown&hl=en&as_sdt=2007
44;H Seraphin, F Dosquet;mountain tourism and second home tourism as post covid-19 lockdown placebo;2020;Worldwide hospitality and tourism themes;emerald.com;https://www.emerald.com/insight/content/doi/10.1108/WHATT-05-2020-0027/full/html;https://scholar.google.com/scholar?cites=7963272276307139135&as_sdt=2005&sciodt=2007&hl=en;2;15.12.2021 06:21;;10.1108/WHATT-05-2020-0027;;;;;;;44;4400;22;2;1;Purpose The purpose of this study adopts a news media narrative approach to Yield insights on aspects of the COVID-19 impact. Design/methodology/approach This study adopts a news media narrative approach as this method can yield insights on aspects of the COVID …;;https://scholar.google.com/scholar?q=related:P9oAr_E5g24J:scholar.google.com/&scioq=intitle:tourism+intitle:lockdown&hl=en&as_sdt=2007
31;D Carrington;uk road travel falls to 1955 levels as covid-19 lockdown takes hold;2020;The Guardian;;;https://scholar.google.com/scholar?cites=16379106134309426644&as_sdt=2005&sciodt=2007&hl=en;34;15.12.2021 07:51;CITATION;;;;;;;;31;3100;31;1;1;;;https://scholar.google.com/scholar?q=related:1FXvuT9GTuMJ:scholar.google.com/&scioq=intitle:travel+intitle:lockdown&hl=en&as_sdt=2007
22;R Steffen, S Lautenschlager, J Fehr;travel restrictions and lockdown during the covid-19 pandemicimpact on notified infectious diseases in switzerland;2020;Journal of Travel Medicine;academic.oup.com;https://academic.oup.com/jtm/article-pdf/doi/10.1093/jtm/taaa180/35282304/taaa180.pdf;https://scholar.google.com/scholar?cites=1520891623688162614&as_sdt=2005&sciodt=2007&hl=en;4;15.12.2021 07:51;;10.1093/jtm/taaa180/35282304/taaa180;;;;;;;22;2200;7;3;1;The COVID-19 pandemic declared by the World Health Organization on 11 March 2020 resulted in unprecedented travel restrictions. Among 217 destinations (countries and territories) accounted for by the World Tourism Organization 123 (57%) had introduced …;;https://scholar.google.com/scholar?q=related:Ns3Mq99KGxUJ:scholar.google.com/&scioq=intitle:travel+intitle:lockdown&hl=en&as_sdt=2007
16;I Politis, G Georgiadis, E Papadopoulos, ...;covid-19 lockdown measures and travel behavior the case of thessaloniki greece;2021;Transportation Research …;Elsevier;https://www.sciencedirect.com/science/article/pii/S259019822100052X;https://scholar.google.com/scholar?cites=11240805086576712208&as_sdt=2005&sciodt=2007&hl=en;11;15.12.2021 07:51;HTML;;;;;;;;16;1600;4;4;1;In this paper, we investigate the travel behavior changes in Thessaloniki, Greece aiming to understand them and explore the factors that affect them under the COVID-19 mobility …;https://www.sciencedirect.com/science/article/pii/S259019822100052X;https://scholar.google.com/scholar?q=related:EBrPfqtc_5sJ:scholar.google.com/&scioq=intitle:travel+intitle:lockdown&hl=en&as_sdt=2007
13;W Russell, A Stenning;beyond active travel children play and community on streets during and after the coronavirus lockdown;2020;Cities & health;Taylor & Francis;https://www.tandfonline.com/doi/abs/10.1080/23748834.2020.1795386;https://scholar.google.com/scholar?cites=7830299186224372781&as_sdt=2005&sciodt=2007&hl=en;9;15.12.2021 07:51;;10.1080/23748834.2020.1795386;;;;;;;13;1300;7;2;1;As countries have imposed lockdown during the COVID-19 pandemic, cities have been transformed in many ways. In this short article, we consider changes to urban residential streets in England and call for attention to be paid not only to streets as places for active …;;https://scholar.google.com/scholar?q=related:LRzvh5_PqmwJ:scholar.google.com/&scioq=intitle:travel+intitle:lockdown&hl=en&as_sdt=2007
12;D Jarratt;an exploration of webcam-travel connecting to place and nature through webcams during the covid-19 lockdown of 2020;2021;Tourism and Hospitality Research;journals.sagepub.com;https://journals.sagepub.com/doi/abs/10.1177/1467358420963370;https://scholar.google.com/scholar?cites=12198121953764708252&as_sdt=2005&sciodt=2007&hl=en;8;15.12.2021 07:51;;10.1177/1467358420963370;;;;;;;12;1200;12;1;1;During the COVID-19 pandemic and subsequent lockdown of 2020, freedom to travel was restricted but there was a remarkable increase in webcam-travel, which can be defined as visiting place-based webcams online. Media commentators suggested that this technology …;https://journals.sagepub.com/doi/pdf/10.1177/1467358420963370;https://scholar.google.com/scholar?q=related:nA8K3UlvSKkJ:scholar.google.com/&scioq=intitle:travel+intitle:lockdown&hl=en&as_sdt=2007
11;XK Xu, XF Liu, L Wang, ST Ali, Z Du, P Bosetti, ...;household transmissions of sars-cov-2 in the time of unprecedented travel lockdown in china;2020;Medrxiv;ncbi.nlm.nih.gov;https://www.ncbi.nlm.nih.gov/pmc/articles/PMC7276042/;https://scholar.google.com/scholar?cites=9925614841038985668&as_sdt=2005&sciodt=2007&hl=en;6;15.12.2021 07:51;HTML;;;;;;;;11;1100;2;7;1;Objective To reconstruct infection events and transmission clusters of SARS-CoV-2 for estimating epidemiological characteristics at household and non-household settings, including super-spreading events, serial intervals, age-and gender-stratified risks of …;https://www.ncbi.nlm.nih.gov/pmc/articles/PMC7276042/;https://scholar.google.com/scholar?q=related:xFl5GRzevokJ:scholar.google.com/&scioq=intitle:travel+intitle:lockdown&hl=en&as_sdt=2007
10;P Johnson, P Boone;from lockdown to locked in heres what post-pandemic travel could look like;2020;World Economic Forum;;;https://scholar.google.com/scholar?cites=11870341672483656275&as_sdt=2005&sciodt=2007&hl=en;35;15.12.2021 07:51;CITATION;;;;;;;;10;1000;5;2;1;;;https://scholar.google.com/scholar?q=related:U5Ln_tvsu6QJ:scholar.google.com/&scioq=intitle:travel+intitle:lockdown&hl=en&as_sdt=2007
7;K Kuš?er, S Eichelberger, M Peters;tourism organizations responses to the covid-19 pandemic an investigation of the lockdown period;2021;Current Issues in Tourism;Taylor & Francis;https://www.tandfonline.com/doi/abs/10.1080/13683500.2021.1928010;https://scholar.google.com/scholar?cites=7967247271021073027&as_sdt=2005&sciodt=2007&hl=en;4;15.12.2021 06:21;;10.1080/13683500.2021.1928010;;;;;;;7;700;2;3;1;Tourism is facing an unprecedented crisis whose sheer scope is dictating global transformation of the industry. The aim of this paper is to explore how different countries and destinations responded to the initial blow of the COVID-19 pandemic, and what is expected …;https://www.tandfonline.com/doi/pdf/10.1080/13683500.2021.1928010;https://scholar.google.com/scholar?q=related:g1LpQi5ZkW4J:scholar.google.com/&scioq=intitle:tourism+intitle:lockdown&hl=en&as_sdt=2007
7;V Torrisi, T Campisi, G Inturri, M Ignaccolo, ...;continue to share an overview on italian travel behavior before and after the covid-19 lockdown;2021;AIP Conference …;aip.scitation.org;https://aip.scitation.org/doi/abs/10.1063/5.0048512;https://scholar.google.com/scholar?cites=1440586050150704670&as_sdt=2005&sciodt=2007&hl=en;17;15.12.2021 07:51;;10.1063/5.0048512;;;;;;;7;700;1;5;1;The mobility scenarios have been modified by the COVID-19 pandemic. Catastrophic and health events cause strong repercussions on daily activities and related mobility habits. In …;https://aip.scitation.org/doi/pdf/10.1063/5.0048512;https://scholar.google.com/scholar?q=related:HqadS2H9_RMJ:scholar.google.com/&scioq=intitle:travel+intitle:lockdown&hl=en&as_sdt=2007
5;A Joshi, P Bhaskar, PK Gupta;covid-19 impact of lockdown on tourism  hospitality industry;2020;Business Excellence and Management;ceeol.com;https://www.ceeol.com/search/article-detail?id=909427;https://scholar.google.com/scholar?cites=13803788063326080176&as_sdt=2005&sciodt=2007&hl=en;2;15.12.2021 07:29;;;;;;;;;5;500;2;3;1;As countries are isolating themselves from rest of the world to secure themselves from the pandemic-COVID 2019, it is definite imperative that the world economy will suffer a deep adverse impact. Amidst lockdown imposed by the Indian government, it is paramount to …;https://www.researchgate.net/profile/Preeti-Bhaskar/publication/349376557_COVID-19_IMPACT_OF_LOCKDOWN_ON_TOURISM_HOSPITALITY_INDUSTRY/links/602d381ca6fdcc37a83305e4/COVID-19-IMPACT-OF-LOCKDOWN-ON-TOURISM-HOSPITALITY-INDUSTRY.pdf;https://scholar.google.com/scholar?q=related:sAxUpRvokL8J:scholar.google.com/&scioq=intitle:hospitality+intitle:lockdown&hl=en&as_sdt=2007
5;TT Bhanu, P Kumar;the effect of covid-19 lockdown on indian tourism and hospitality industry;2020;Journal of Dental & Oro-facial Research;;;https://scholar.google.com/scholar?cites=15259983352415338309&as_sdt=2005&sciodt=2007&hl=en;9;15.12.2021 07:29;CITATION;;;;;;;;5;500;3;2;1;;;https://scholar.google.com/scholar?q=related:RT8XFwJaxtMJ:scholar.google.com/&scioq=intitle:hospitality+intitle:lockdown&hl=en&as_sdt=2007
5;H Davidson;china to lift travel restrictions in hubei after months of coronavirus lockdown;2020;The Guardian, March;;;https://scholar.google.com/scholar?cites=1301174372923359806&as_sdt=2005&sciodt=2007&hl=en;36;15.12.2021 07:51;CITATION;;;;;;;;5;500;5;1;1;;;https://scholar.google.com/scholar?q=related:PkLwwDKzDhIJ:scholar.google.com/&scioq=intitle:travel+intitle:lockdown&hl=en&as_sdt=2007
4;SV Kumar;a study on adept soft skill  knowledge accompanying hospitality employee retention behavior during covid-19 lockdown phase;2021;Anais Brasileiros de Estudos Turísticos-ABET;periodicos.ufjf.br;https://periodicos.ufjf.br/index.php/abet/article/view/33309;https://scholar.google.com/scholar?cites=12871879716817913764&as_sdt=2005&sciodt=2007&hl=en;1;15.12.2021 07:29;;;;;;;;;4;400;4;1;1;Este artigo fala sobre a aceitabilidade, os desafios e as sugestões dos funcionários do hotel através de pesquisas acadêmicas sobre alfabetização digital. A pesquisa pretende estudar a correlação entre o treinamento personalizado personalizado por organizações ea auto …;https://periodicos.ufjf.br/index.php/abet/article/download/33309/22059;https://scholar.google.com/scholar?q=related:pMd8gGcaorIJ:scholar.google.com/&scioq=intitle:hospitality+intitle:lockdown&hl=en&as_sdt=2007
4;Reuters News Agency;as domestic abuse rises in lockdown france to fund hotel rooms;2020;;;;https://scholar.google.com/scholar?cites=2502651291682371136&as_sdt=2005&sciodt=2007&hl=en;2;15.12.2021 07:37;CITATION;;;;;;;;4;400;4;1;1;;;https://scholar.google.com/scholar?q=related:QHZmFRc0uyIJ:scholar.google.com/&scioq=intitle:hotel+intitle:lockdown&hl=en&as_sdt=2007
4;AL Singh, S Jamal, WS Ahmad;impact assessment of lockdown amid covid-19 pandemic on tourism industry of kashmir valley india;2021;Research in Globalization;Elsevier;https://www.sciencedirect.com/science/article/pii/S2590051X21000186;https://scholar.google.com/scholar?cites=9566834374705375538&as_sdt=2005&sciodt=2007&hl=en;6;15.12.2021 06:21;HTML;;;;;;;;4;400;1;3;1;The term tourism includes those people that travel to different places, either locally, nationally or globally for vacation and relaxation, but also for social or economic motives. It is one of the progressive industries whose activities influence the economies of various …;https://www.sciencedirect.com/science/article/pii/S2590051X21000186;https://scholar.google.com/scholar?q=related:MmlPMS05xIQJ:scholar.google.com/&scioq=intitle:tourism+intitle:lockdown&hl=en&as_sdt=2007
4;B Westcott, D Culver;chinese tourist sites packed as country comes out of lockdown but experts say risk still high;2020;CNN Travel;;;https://scholar.google.com/scholar?cites=6663215052379703276&as_sdt=2005&sciodt=2007&hl=en;3;15.12.2021 07:19;CITATION;;;;;;;;4;400;2;2;1;;;https://scholar.google.com/scholar?q=related:7Mcgc8l-eFwJ:scholar.google.com/&scioq=intitle:tourist+intitle:lockdown&hl=en&as_sdt=2007
4;H Hook, J De Vos, V Van Acker, F Witlox;does undirected travel compensate for reduced directed travel during lockdown;2021;Transportation Letters;Taylor & Francis;https://www.tandfonline.com/doi/abs/10.1080/19427867.2021.1892935;https://scholar.google.com/scholar?cites=1295376189807915528&as_sdt=2005&sciodt=2007&hl=en;5;15.12.2021 07:51;;10.1080/19427867.2021.1892935;;;;;;;4;400;1;4;1;The COVID-19 pandemic lockdown undeniably impacted travel behavior. It is assumed that directed (commute and non-work) trips reduced following reduced out-of-home activities. This study analyzing 764 respondents in Flanders, Belgium, explores whether undirected …;https://www.tandfonline.com/doi/pdf/10.1080/19427867.2021.1892935;https://scholar.google.com/scholar?q=related:CPL_C8gZ-hEJ:scholar.google.com/&scioq=intitle:travel+intitle:lockdown&hl=en&as_sdt=2007
4;SKR Fiapsm, Y Bar-Yam;was india saved by staying below the critical travel threshold and was lockdown and travel restriction the most important public health intervention;2021;arXiv preprint arXiv:2102.12405;arxiv.org;https://arxiv.org/abs/2102.12405;https://scholar.google.com/scholar?cites=6794779987058246409&as_sdt=2005&sciodt=2007&hl=en;10;15.12.2021 07:51;;;;;;;;;4;400;2;2;1;"Indian response to the pandemic has been described from"" India is in denial about the covid-19 crisis"" or"" India staring at corona virus disaster"", to"" The mystery of India's plummeting covid-19 cases"". These responses have been far from being backed scientifically and …";https://arxiv.org/pdf/2102.12405;https://scholar.google.com/scholar?q=related:CUOK32XoS14J:scholar.google.com/&scioq=intitle:travel+intitle:lockdown&hl=en&as_sdt=2007
4;S Becken, KF Hughey;impacts of changes to business travel practices in response to the covid-19 lockdown in new zealand;2021;Journal of Sustainable Tourism;Taylor & Francis;https://www.tandfonline.com/doi/abs/10.1080/09669582.2021.1894160;https://scholar.google.com/scholar?cites=9755782182395837602&as_sdt=2005&sciodt=2007&hl=en;14;15.12.2021 07:51;;10.1080/09669582.2021.1894160;;;;;;;4;400;2;2;1;Air travel forms a substantial component of an organisation's carbon profile, and questions around business travel are becoming more pertinent given the accelerating climate crisis …;;https://scholar.google.com/scholar?q=related:ovzJ3zSAY4cJ:scholar.google.com/&scioq=intitle:travel+intitle:lockdown&hl=en&as_sdt=2007
3;ML Polemis;national lockdown under covid-19 and hotel performance;2021;Annals of Tourism Research Empirical Insights;Elsevier;;https://scholar.google.com/scholar?cites=14352402931052935410&as_sdt=2005&sciodt=2007&hl=en;3;15.12.2021 07:37;CITATION;;;;;;;;3;300;3;1;1;;https://scholar.google.com/scholar?output=instlink&q=info:8nivamz6LccJ:scholar.google.com/&hl=en&as_sdt=2007&scillfp=1505383590649845858&oi=lle;https://scholar.google.com/scholar?q=related:8nivamz6LccJ:scholar.google.com/&scioq=intitle:hotel+intitle:lockdown&hl=en&as_sdt=2007
3;K Dube;implications of covid-19 induced lockdown on the south african tourism industry and prospects for recovery;2021;African Journal of Hospitality, Tourism and Leisure;ajhtl.com;https://www.ajhtl.com/uploads/7/1/6/3/7163688/article_18_10_1_270-287.pdf;https://scholar.google.com/scholar?cites=17111378814356066161&as_sdt=2005&sciodt=2007&hl=en;7;15.12.2021 06:21;PDF;;;;;;;;3;300;3;1;1;South Africa has one of the largest and most developed tourism markets in Southern Africa. Consequently, the sector's performance, therefore, has implications on the regional tourism market. In the advent of COVID-19, South Africa emerged as one of the global and regional …;https://www.ajhtl.com/uploads/7/1/6/3/7163688/article_18_10_1_270-287.pdf;https://scholar.google.com/scholar?q=related:cY_WJl_Ud-0J:scholar.google.com/&scioq=intitle:tourism+intitle:lockdown&hl=en&as_sdt=2007
3;SA Khodzhaliev, TI Zvorykina, L Beloglazova;smm in the tourism industry after lockdown strategies and tools for promoting b2c marketing;2020;IIOAB Journal;iioab.org;https://www.iioab.org/IIOABJ_11.S3_72-76.pdf;https://scholar.google.com/scholar?cites=7967945688009093293&as_sdt=2005&sciodt=2007&hl=en;3;15.12.2021 06:21;PDF;;;;;;;;3;300;1;3;1;ABSTRACT COVID-19 has caused an unprecedented crisis in the travel industry. At the same time, social media is a dynamic crisis management tool. This allows addressees to “own their story” and determine how digital audiences value an organization's performance …;https://www.iioab.org/IIOABJ_11.S3_72-76.pdf;https://scholar.google.com/scholar?q=related:rTBjI2PUk24J:scholar.google.com/&scioq=intitle:tourism+intitle:lockdown&hl=en&as_sdt=2007
3;F Andrews;before and after italys tourist attractions left deserted amid coronavirus lockdown;;;;;https://scholar.google.com/scholar?cites=15240874747772227246&as_sdt=2005&sciodt=2007&hl=en;6;15.12.2021 07:19;CITATION;;;;;;;;3;0;3;1;;;;https://scholar.google.com/scholar?q=related:rk4vX9V2gtMJ:scholar.google.com/&scioq=intitle:tourist+intitle:lockdown&hl=en&as_sdt=2007
3;AR Irimiás, AZ Mitev;lockdown captivity the wish to break out and travel;2021;Current Issues in Tourism;Taylor & Francis;https://www.tandfonline.com/doi/abs/10.1080/13683500.2020.1857715;https://scholar.google.com/scholar?cites=12565719499963337913&as_sdt=2005&sciodt=2007&hl=en;3;15.12.2021 07:51;;10.1080/13683500.2020.1857715;;;;;;;3;300;2;2;1;Not being able to travel an unprecedented condition for many. This paper focuses on the sense of being trapped in lockdown and having to adapt to new–non-tourist–roles. The aim is to conceptualize the lockdown captivity phenomenon and to propose this concept as …;https://www.researchgate.net/profile/Anna-Irimias/publication/347821252_Lockdown_captivity_the_wish_to_break_out_and_travel/links/60a238cc299bf14769a30ad3/Lockdown-captivity-the-wish-to-break-out-and-travel.pdf;https://scholar.google.com/scholar?q=related:uYyDJk9nYq4J:scholar.google.com/&scioq=intitle:travel+intitle:lockdown&hl=en&as_sdt=2007
3;S Prasain;nepals lockdown 20 new covid curbs on travel;2021;The Kathmandu Post.[Internet].[cited 2021 May 24] …;;;https://scholar.google.com/scholar?cites=1872847191052023081&as_sdt=2005&sciodt=2007&hl=en;38;15.12.2021 07:51;CITATION;;;;;;;;3;300;3;1;1;;;
3;T Schuler;impact of the covid-19 lockdown on trade in travel services;2020;Economic Bulletin Boxes;ideas.repec.org;https://ideas.repec.org/a/ecb/ecbbox/202000041.html;https://scholar.google.com/scholar?cites=10691394182137801623&as_sdt=2005&sciodt=2007&hl=en;21;15.12.2021 07:51;;;;;;;;;3;300;3;1;1;The lockdown measures adopted to contain the coronavirus (COVID-19) pandemic and confidence effects are having a significant impact on euro area trade in services. Among …;;https://scholar.google.com/scholar?q=related:l2sA_Fx2X5QJ:scholar.google.com/&scioq=intitle:travel+intitle:lockdown&hl=en&as_sdt=2007
3;P Dave;google travel data show lockdown fatigue in us australia other countries stay home;2020;The New York Times;;;https://scholar.google.com/scholar?cites=8408189276527879272&as_sdt=2005&sciodt=2007&hl=en;37;15.12.2021 07:51;CITATION;;;;;;;;3;300;3;1;1;;;https://scholar.google.com/scholar?q=related:aGSxN5njr3QJ:scholar.google.com/&scioq=intitle:travel+intitle:lockdown&hl=en&as_sdt=2007
3;D Carrington;uk road travel falls to 1955 levels as covid-19 lockdown takes hold guardian april 3 2020;2020;;;;https://scholar.google.com/scholar?cites=4886201351108965905&as_sdt=2005&sciodt=2007&hl=en;42;15.12.2021 07:51;CITATION;;;;;;;;3;300;3;1;1;;;https://scholar.google.com/scholar?q=related:ETbimT1Gz0MJ:scholar.google.com/&scioq=intitle:travel+intitle:lockdown&hl=en&as_sdt=2007
3;H Hassan;malaysia bans travel abroad shuts schools and businesses over coronavirus spread lockdown till march 31;2020;Straits Times. March;;;https://scholar.google.com/scholar?cites=11845134565991592235&as_sdt=2005&sciodt=2007&hl=en;45;15.12.2021 07:51;CITATION;;;;;;;;3;300;3;1;1;;;https://scholar.google.com/scholar?q=related:KzGhKiFfYqQJ:scholar.google.com/&scioq=intitle:travel+intitle:lockdown&hl=en&as_sdt=2007
3;T Schuler;impact of the covid-19 lockdown on trade in travel services internet] european central bank 2020;;;;;https://scholar.google.com/scholar?cites=18224139573402471296&as_sdt=2005&sciodt=2007&hl=en;41;15.12.2021 07:51;CITATION;;;;;;;;3;0;3;1;;;;https://scholar.google.com/scholar?q=related:gAvL6WIm6fwJ:scholar.google.com/&scioq=intitle:travel+intitle:lockdown&hl=en&as_sdt=2007
2;H Seraphin, F Dosquet;mountain tourism and second home tourism as post covid-19 lockdown placebo worldwide hospitality and tourism;2020;;;;https://scholar.google.com/scholar?cites=14240367627209477896&as_sdt=2005&sciodt=2007&hl=en;10;15.12.2021 07:29;CITATION;;;;;;;;2;200;1;2;1;;;https://scholar.google.com/scholar?q=related:CA_Lgujyn8UJ:scholar.google.com/&scioq=intitle:hospitality+intitle:lockdown&hl=en&as_sdt=2007
2;A Divya;hospitality sector gears up for a new post-lockdown normal;2020;;;;https://scholar.google.com/scholar?cites=1285035346266543352&as_sdt=2005&sciodt=2007&hl=en;11;15.12.2021 07:29;CITATION;;;;;;;;2;200;2;1;1;;;https://scholar.google.com/scholar?q=related:-NQJytZc1REJ:scholar.google.com/&scioq=intitle:hospitality+intitle:lockdown&hl=en&as_sdt=2007
2;LP DC, JM Perth;peel sw in lockdown after hotel quarantine worker tests positive to covid-19;2021;;WAtoday;;https://scholar.google.com/scholar?cites=15449593665259524464&as_sdt=2005&sciodt=2007&hl=en;4;15.12.2021 07:37;CITATION;;;;;;;;2;200;1;2;1;;;
2;C Chin;total lockdowndyingtourism sector in malaysia needs help to protect jobs;2021;The Star;localcontent.library.uitm.edu.my;https://localcontent.library.uitm.edu.my/id/eprint/7715/;https://scholar.google.com/scholar?cites=10233914000674260384&as_sdt=2005&sciodt=2007&hl=en;8;15.12.2021 06:21;;;;;;;;;2;200;2;1;1;In the wake of the total lockdown in the country, local tourism stakeholders have urged the government to provide support to keep businesses afloat and sustain the industry in the long run. A total lockdown, according to players in the tourism and hospitality sector, is necessary …;;
2;T Cecchi;analysis of volatiles organic compounds in venice lagoon water reveals covid 19 lockdown impact on microplastics and mass tourism related pollutants;2021;Science of The Total Environment;Elsevier;https://www.sciencedirect.com/science/article/pii/S0048969721020210;https://scholar.google.com/scholar?cites=13933749723158985061&as_sdt=2005&sciodt=2007&hl=en;12;15.12.2021 06:21;;;;;;;;;2;200;2;1;1;Abstract The Lagoon of Venice is a continuously evolving ecosystem that rapidly responds to anthropic stressors. The UNESCO World Heritage site “Venice and its Lagoon”, is one of the top tourist destinations in the world. Mass tourism increases marine litter, water traffic …;;https://scholar.google.com/scholar?q=related:ZbkWjoyfXsEJ:scholar.google.com/&scioq=intitle:tourism+intitle:lockdown&hl=en&as_sdt=2007
2;M Keep, M Ward;support for the tourism industry after the covid 19 lockdown;2020;;41.89.10.190;https://41.89.10.190/handle/123456789/226;https://scholar.google.com/scholar?cites=7329908564731759833&as_sdt=2005&sciodt=2007&hl=en;10;15.12.2021 06:21;;;;;;;;;2;200;1;2;1;The House of Commons Library prepares a briefing in hard copy and/or online for most non-legislative debates in the Chamber and Westminster Hall other than half-hour debates. Debate Packs are produced quickly after the announcement of parliamentary business …;https://41.89.10.190/bitstream/handle/123456789/226/Covid-19%20and%20UK.pdf?sequence=1&isAllowed=y;https://scholar.google.com/scholar?q=related:2QzuDAERuWUJ:scholar.google.com/&scioq=intitle:tourism+intitle:lockdown&hl=en&as_sdt=2007
2;C Mallapur;indias covid-19 lockdown may cause 38 million job losses in the travel and tourism industry;2020;Indiaspendtimes. com. Retrieved June;;;https://scholar.google.com/scholar?cites=2063062033835951238&as_sdt=2005&sciodt=2007&hl=en;31;15.12.2021 06:21;CITATION;;;;;;;;2;200;2;1;1;;;
2;S Naaido;sa lockdown-tourist attractions casinos more hotels close;2020;;;;https://scholar.google.com/scholar?cites=337538082409466528&as_sdt=2005&sciodt=2007&hl=en;4;15.12.2021 07:19;CITATION;;;;;;;;2;200;2;1;1;;;https://scholar.google.com/scholar?q=related:oMou_BgtrwQJ:scholar.google.com/&scioq=intitle:tourist+intitle:lockdown&hl=en&as_sdt=2007
2;CM Post;rome under lockdown streets deserted tourist hotspots empty–youtube retrieved march 14 2021;2020;;;;https://scholar.google.com/scholar?cites=4574432453688232374&as_sdt=2005&sciodt=2007&hl=en;5;15.12.2021 07:19;CITATION;;;;;;;;2;200;2;1;1;;;
2;D Walsh;travel giant in lockdown as it applies for state aid;2020;The Times;;;https://scholar.google.com/scholar?cites=7637192107026707310&as_sdt=2005&sciodt=2007&hl=en;39;15.12.2021 07:51;CITATION;;;;;;;;2;200;2;1;1;;;https://scholar.google.com/scholar?q=related:bnO-_MHB_GkJ:scholar.google.com/&scioq=intitle:travel+intitle:lockdown&hl=en&as_sdt=2007
2;M Kulkarni;coronavirus lockdown airline travel agents face severe cash crunch;2020;;;;https://scholar.google.com/scholar?cites=4107730179050457550&as_sdt=2005&sciodt=2007&hl=en;40;15.12.2021 07:51;CITATION;;;;;;;;2;200;2;1;1;;;https://scholar.google.com/scholar?q=related:zkl0i9WWATkJ:scholar.google.com/&scioq=intitle:travel+intitle:lockdown&hl=en&as_sdt=2007
2;K Cripps;thailands most popular island goes into lockdown as covid-19 cases surge cnn travel cnn 10 april 2020;2020;;;;https://scholar.google.com/scholar?cites=9484982254679459150&as_sdt=2005&sciodt=2007&hl=en;46;15.12.2021 07:51;CITATION;;;;;;;;2;200;2;1;1;;;https://scholar.google.com/scholar?q=related:ToUNZxttoYMJ:scholar.google.com/&scioq=intitle:travel+intitle:lockdown&hl=en&as_sdt=2007
2;K Cripps;thailands most popular island goes into lockdown as covid-19 cases surge cnn travel cnn 2020;2020;;;;https://scholar.google.com/scholar?cites=17263462194376961688&as_sdt=2005&sciodt=2007&hl=en;47;15.12.2021 07:51;CITATION;;;;;;;;2;200;2;1;1;;;
2;H Lau, V Khosrawipour, P Kocbach, A Mikolajczyk, ...;the positive impact of lockdown in wuhan on containing the covid-19 out-breaks in china j travel medhttps;2020;doi. org/10.1093/jtm …;;;https://scholar.google.com/scholar?cites=16349106468567185990&as_sdt=2005&sciodt=2007&hl=en;49;15.12.2021 07:51;CITATION;;;;;;;;2;200;0;5;1;;;https://scholar.google.com/scholar?q=related:Rvr8Pbax4-IJ:scholar.google.com/&scioq=intitle:travel+intitle:lockdown&hl=en&as_sdt=2007
2;E Papa, N Badstuber;cars transition from lockdown is a fork in the road-here are two possible outcomes for future travel;2020;;The Conversation;;https://scholar.google.com/scholar?cites=4642358945486054103&as_sdt=2005&sciodt=2007&hl=en;50;15.12.2021 07:51;CITATION;;;;;;;;2;200;1;2;1;;;https://scholar.google.com/scholar?q=related:16KNWd34bEAJ:scholar.google.com/&scioq=intitle:travel+intitle:lockdown&hl=en&as_sdt=2007
2;D Carrington;the guardian 2020 uk road travel falls to 1955 levels as covid-19 lockdown takes hold;;;;;https://scholar.google.com/scholar?cites=4386657471691323908&as_sdt=2005&sciodt=2007&hl=en;43;15.12.2021 07:51;CITATION;;;;;;;;2;0;2;1;;;;https://scholar.google.com/scholar?q=related:BHp5n7qJ4DwJ:scholar.google.com/&scioq=intitle:travel+intitle:lockdown&hl=en&as_sdt=2007
2;J Henley, K Willsher, A Kassam;coronavirus france imposes lockdown as eu calls for 30-day travel ban;;The Guardian;;;https://scholar.google.com/scholar?cites=10181151041175477507&as_sdt=2005&sciodt=2007&hl=en;44;15.12.2021 07:51;CITATION;;;;;;;;2;0;1;3;;;;https://scholar.google.com/scholar?q=related:A93cDe62So0J:scholar.google.com/&scioq=intitle:travel+intitle:lockdown&hl=en&as_sdt=2007
1;J Choong;hotel and tourism industry continues to plead sos from govt calls for lockdown to breathe long term;2021;Malay Mail;localcontent.library.uitm.edu.my;https://localcontent.library.uitm.edu.my/id/eprint/7279/;https://scholar.google.com/scholar?cites=5281568311673904293&as_sdt=2005&sciodt=2007&hl=en;1;15.12.2021 07:37;CITATION;;;;;;;;1;100;1;1;1;The hotel and tourism industry will require more assistance from the government if it is to survive the prolonged Covid-19 pandemic at all, said the Malaysian Association of Hotels. Its president Datuk N. Subramaniam said without such assistance hotels and stakeholders will …;;
1;D Jamieson;coronavirus queenstown lockdown baby born in a four-star hotel;2020;Stuff (Accessed April 6, 2020).[Google Scholar];;;https://scholar.google.com/scholar?cites=15816304902587672300&as_sdt=2005&sciodt=2007&hl=en;5;15.12.2021 07:37;CITATION;;;;;;;;1;100;1;1;1;;;
1;R Ranasinghe, J Herath, D Nawarathna, ...;lockdown pressure of corona pandemic tourism industry pull and individual travel push a critical review;2021;Tourism Industry Pull …;papers.ssrn.com;https://papers.ssrn.com/sol3/papers.cfm?abstract_id=3856755;https://scholar.google.com/scholar?cites=15159350834035090628&as_sdt=2005&sciodt=2007&hl=en;14;15.12.2021 06:21;;;;;;;;;1;100;0;4;1;Novel Corona (COVID 19) epidemic that emerged in Wuhan China in the latter months of 2019 has become a global pandemic at present bringing about radical socio, economic impacts and behavioral changes of individuals and communities. Equally, tourism was a …;https://www.researchgate.net/profile/Ruwan-Ranasinghe/publication/351986022_Lockdown_Pressure_of_Corona_Pandemic_Tourism_Industry_Pull_and_Individual_Travel_Push_A_Critical_Review_Lockdown_Pressure_of_Corona_Pandemic_Tourism_Industry_Pull_and_Individual_Travel_Push_A_Critical/links/60b3cb13299bf1f6d587f6e8/Lockdown-Pressure-of-Corona-Pandemic-Tourism-Industry-Pull-and-Individual-Travel-Push-A-Critical-Review-Lockdown-Pressure-of-Corona-Pandemic-Tourism-Industry-Pull-and-Individual-Travel-Push-A-Crit.pdf;https://scholar.google.com/scholar?q=related:xOQuEETVYNIJ:scholar.google.com/&scioq=intitle:tourism+intitle:lockdown&hl=en&as_sdt=2007
1;NT Espiner, E Stewart, SR Espiner, G Degarege;exploring the impacts of the covid-19 national lockdown on outdoor recreationists activity and perceptions of tourism;2021;;researcharchive.lincoln.ac.nz;http://researcharchive.lincoln.ac.nz/handle/10182/13786;https://scholar.google.com/scholar?cites=15654244820473655544&as_sdt=2005&sciodt=2007&hl=en;28;15.12.2021 06:21;;;;;;;;;1;100;0;4;1;The Covid-19 pandemic had an unprecedented effect on tourism and outdoor recreation across the world in the year 2020. In New Zealand, a national lockdown for a period of 5 weeks confined New Zealanders to their local neighbourhoods and severely limited their …;https://researcharchive.lincoln.ac.nz/bitstream/handle/10182/13786/Leap%2056%20-%20Outdoor%20recreation%20tourism%20and%20the%20lockdown.pdf?sequence=1;https://scholar.google.com/scholar?q=related:-LBUd7kMP9kJ:scholar.google.com/&scioq=intitle:tourism+intitle:lockdown&hl=en&as_sdt=2007
1;A Patil, S Naik;a study on impact of lockdown on tourism and post lockdown expectations of tourists;2020;Atithya a Journal of Hospitality;hmct.dypvp.edu.in;https://hmct.dypvp.edu.in/Documents/research-papers-publication/Research-Papers/26.pdf;https://scholar.google.com/scholar?cites=8751406240685438518&as_sdt=2005&sciodt=2007&hl=en;11;15.12.2021 06:21;PDF;;;;;;;;1;100;1;2;1;Tourism and allied sectors are interdependent entities contributing to foreign exchange earnings of the overall GDP of the country. Tourism and allied sectors walk hand in hand to attract and serve tourist at the destination. The outbreak of COVID-19 compelled the …;https://hmct.dypvp.edu.in/Documents/research-papers-publication/Research-Papers/26.pdf;https://scholar.google.com/scholar?q=related:NjYx5Zs9c3kJ:scholar.google.com/&scioq=intitle:tourism+intitle:lockdown&hl=en&as_sdt=2007
1;GT Flaherty, RW Acosta, JT Visser, ...;learning in lockdown preparing for the inaugural virtual conference of the international society of travel medicine;2020;Journal of travel …;academic.oup.com;https://academic.oup.com/jtm/article-abstract/27/8/taaa220/6007544;https://scholar.google.com/scholar?cites=8321128961794870607&as_sdt=2005&sciodt=2007&hl=en;15;15.12.2021 07:51;;;;;;;;;1;100;0;4;1;A commentary on flight-shaming published in this journal in November 2019, before the novel SARS-CoV-2 was officially recognized, imagined how the International Society of …;;https://scholar.google.com/scholar?q=related:T43_GbSWenMJ:scholar.google.com/&scioq=intitle:travel+intitle:lockdown&hl=en&as_sdt=2007
1;M Kick;urban mobility after lockdown travel behavior post-coronavirus;2020;;;;https://scholar.google.com/scholar?cites=5223631138627965091&as_sdt=2005&sciodt=2007&hl=en;51;15.12.2021 07:51;CITATION;;;;;;;;1;100;1;1;1;;;
1;E Papa, N Badstuber;cars transition from lockdown is a fork in the road–here are two possible outcomes for future travel conversation online]accessed 16 december 2020];2020;;;;https://scholar.google.com/scholar?cites=843829187426944797&as_sdt=2005&sciodt=2007&hl=en;52;15.12.2021 07:51;CITATION;;;;;;;;1;100;1;2;1;;;
0;G Tilak;impact of lockdown in covid-19 on hospitality and tourism industry of india-a review;2021;… Journal of Future Generation Communication and …;researchgate.net;https://www.researchgate.net/profile/Geetali-Tilak/publication/351687119_Impact_of_Lockdown_in_Covid-19_on_Hospitality_and_Tourism_Industry_of_India-A_Review/links/60a4b72fa6fdccb2cc217584/Impact-of-Lockdown-in-Covid-19-on-Hospitality-and-Tourism-Industry-of-India-A-Review.pdf;;3;15.12.2021 07:29;PDF;;;;;;;;0;0;0;1;1;Travel restrictions rose due to COVID-19. It's having a huge impact on hospitality, travel and tourism sectors within India and around the world. The impact to demand for hospitality and tourism is greater than many other industries, but it is mixed among hotels, air and cruise …;https://www.researchgate.net/profile/Geetali-Tilak/publication/351687119_Impact_of_Lockdown_in_Covid-19_on_Hospitality_and_Tourism_Industry_of_India-A_Review/links/60a4b72fa6fdccb2cc217584/Impact-of-Lockdown-in-Covid-19-on-Hospitality-and-Tourism-Industry-of-India-A-Review.pdf;https://scholar.google.com/scholar?q=related:oFD5JlRubmoJ:scholar.google.com/&scioq=intitle:hospitality+intitle:lockdown&hl=en&as_sdt=2007
0;M Knutzen, S Solberg;a fight to survive lockdown-a multiple case study on how firms in the hospitality industry have responded to the effects of covid-19;2021;;gupea.ub.gu.se;https://gupea.ub.gu.se/handle/2077/70002;;5;15.12.2021 07:29;;;;;;;;;0;0;0;2;1;This paper attempts to explore the theoretical dimensions of crisis management with an abductive approach using the Covid-19 pandemic's effect on the hospitality industry as the main source for secondary as well as primary sources. Interviews were conducted in …;;
0;S Jamgade, M Abby;collaborative operations of hospitality industry during covid-19 lockdown and strategic approach with reference to bangalore india;2021;Atna Journal of Tourism Studies;journals.christuniversity.in;https://journals.christuniversity.in/index.php/atna/article/view/2940;;6;15.12.2021 07:29;;;;;;;;;0;0;0;2;1;The pandemic attack of Coronavirus had lurch the entire world to massive crisis of human illness, fatality, insecurity in family, business instability, and downfall of the economy resulting into huge number of job loss and pay cuts. The inadvertent consequences of …;https://journals.christuniversity.in/index.php/atna/article/download/2940/1933;
0;A Caputo, S Delladio, A Magrini, MM Pellegrini;entrepreneurial decision making during the italian covid-19 lockdown evidences from hospitality smes;2021;;eprints.lincoln.ac.uk;https://eprints.lincoln.ac.uk/id/eprint/45359/;;7;15.12.2021 07:29;;;;;;;;;0;0;0;4;1;Purpose: The following analysis provides a complete framework for understanding the correlation between decision-making logics, with a particular focus on causation and effectuation, and how entrepreneurs of SMEs in northern Italy reacted to crisis and …;;
0;N Chiwawa, H Wissink;determinants of employee engagement in the south african hospitality industry during covid-19 lockdown epoch employee perception;2020;;ajhtl.com;https://www.ajhtl.com/uploads/7/1/6/3/7163688/article_6_10_2_487-499.pdf;;4;15.12.2021 07:29;PDF;;;;;;;;0;0;0;2;1;Employee engagement has emerged as an important concept in hospitality management as well as in human resources management fields. The purpose of the study was to assess the determinants of employee engagement in the South African hospitality industry. The study …;https://www.ajhtl.com/uploads/7/1/6/3/7163688/article_6_10_2_487-499.pdf;
0;S Jain;measuring the satisfaction levels of hospitality sales employees working from home during the covid-19 lockdown;;COVID–19: Crisis, Effects, Challenges and Innovations;researchgate.net;https://www.researchgate.net/profile/Rsuya-Padhra-Haridha/publication/344363641_IMPACT_OF_COVID-19_ON_EDUCATION_EMPLOYMENT_ECONOMY_AND_MENTAL_HEALTH_ISSUES/links/5f6c821292851c14bc925008/IMPACT-OF-COVID-19-ON-EDUCATION-EMPLOYMENT-ECONOMY-AND-MENTAL-HEALTH-ISSUES.pdf#page=35;;8;15.12.2021 07:29;PDF;;;;;;;;0;0;0;1;;Background: The lockdown resulting from the ongoing COVID-19 Pandemic has brought in stagnancy and completely changed the stance of regular life as people have known it. Adapting to this, the companies have directed their employees to work from home. A lot of …;https://www.researchgate.net/profile/Rsuya-Padhra-Haridha/publication/344363641_IMPACT_OF_COVID-19_ON_EDUCATION_EMPLOYMENT_ECONOMY_AND_MENTAL_HEALTH_ISSUES/links/5f6c821292851c14bc925008/IMPACT-OF-COVID-19-ON-EDUCATION-EMPLOYMENT-ECONOMY-AND-MENTAL-HEALTH-ISSUES.pdf#page=35;https://scholar.google.com/scholar?q=related:r2g9nvWM1b4J:scholar.google.com/&scioq=intitle:hospitality+intitle:lockdown&hl=en&as_sdt=2007
0;DK Pandey, R Kumar;lockdown unlock stock returns and firm-specific characteristics the indian tourism sector during the covid-19 outbreak;2021;Current Issues in Tourism;Taylor & Francis;https://www.tandfonline.com/doi/abs/10.1080/13683500.2021.2005549;;5;15.12.2021 06:21;;10.1080/13683500.2021.2005549;;;;;;;0;0;0;2;1;Using the event study methodology, we find that the stock returns of the Indian tourism sector reacted differently to the announcements of nationwide lockdown and the Unlock 1.0. Using the cross-sectional regression, we find liquidity, volatility, solvency, and size as the primary …;;
0;AM Lenart-Boro?, PM Boro?, JA Prajsnar, ...;covid-19 lockdown shows how much natural mountain regions are affected by heavy tourism;2021;Science of The Total …;Elsevier;https://www.sciencedirect.com/science/article/pii/S0048969721064330;;9;15.12.2021 06:21;;;;;;;;;0;0;0;4;1;Mountain areas in Poland are among the most frequented tourist destinations and such intensive tourism negatively affects the natural environment. The COVID-19 pandemic and the resulting lockdown restricted travel for a few months in 2020, providing a unique …;;
0;D Ushakov;tourism industry of thailand through crisis lockdown and sandbox-to self-sufficiency;2021;The EUrASEANs: journal on global socio-economic …;euraseans.com;https://euraseans.com/index.php/journal/article/view/263;;16;15.12.2021 06:21;;;;;;;;;0;0;0;1;1;The article analyzes the structural-functional crisis of Thailand's tourism sector caused by the 2020 pandemic. Prospects and destimulating factors of the crisis within the tourism sector for the whole socioeconomic system of the country have been assessed from the standpoint of …;https://euraseans.com/index.php/journal/article/download/263/297;
0;L Chagas, A Pires, S Pais;assessing students engagement levels during lockdown a survey in tourism degrees;2021;… Conference, 13th, Spain, July 6-5 …;iconline.ipleiria.pt;https://iconline.ipleiria.pt/handle/10400.8/5981;;17;15.12.2021 06:21;;;;;;;;;0;0;0;3;1;In early 2020, the crisis of a new virus and a pandemic context took the world by storm. All sectors of society were affected: health, economics,… and education was no exception, with all levels suspending face-to-face classes, which were replaced by online activities. In view …;https://iconline.ipleiria.pt/bitstream/10400.8/5981/1/Pais_2021_Assessing_Edulearn%20Vers%C3%A3o-Final.pdf;
0;R Roy;impact of lockdown on the economy of north bengal with special reference to tourism industry of darjeeling district;2021;The Covid;books.google.com;https://books.google.com/books?hl=en&lr=&id=fWwjEAAAQBAJ&oi=fnd&pg=PA46&dq=tourism+lockdown&ots=fRZo_hlbVs&sig=FiJ61vc-wFz4WbjMEBuZPYPN2yo;;18;15.12.2021 06:21;;;;;;;;;0;0;0;1;1;Darjeeling can be called an ideal vacation destination. Its comfortable weekend entrances, landscapes, colourful lakes, lush green tea gardens, wildlife sanctuary, adventure sports, pilgrimage sites, and mountain retreats attract the people from the different parts of the …;;https://scholar.google.com/scholar?q=related:bfcFLMi44DIJ:scholar.google.com/&scioq=intitle:tourism+intitle:lockdown&hl=en&as_sdt=2007
0;R Kumar;covid pandemic global lockdown and space tourism;2021;Journal of Applied Sciences and Clinical Practice;jascp.org;"https://jascp.org/article.asp?issn=WKMP-0221;year=2021;volume=2;issue=2;spage=31;epage=32;aulast=Kumar";;21;15.12.2021 06:21;HTML;;;;;;;;0;0;0;1;1;Amidst global lockdown due to the ongoing COVID 19 pandemic, the beginning of commercial space travel is a remarkable event in human history. While commercial air travel is shut down to prevent contagion, a paid ticket to a thrilling ride into space opens up a new …;"https://jascp.org/article.asp?issn=WKMP-0221;year=2021;volume=2;issue=2;spage=31;epage=32;aulast=Kumar";
0;S Savaiano, C Drago;cluster validation in unsupervised machine learning with application to the analysis of the tourism demand in italy after covid-19 lockdown;2021;Available at SSRN 3801106;papers.ssrn.com;https://papers.ssrn.com/sol3/papers.cfm?abstract_id=3801106;;23;15.12.2021 06:21;;;;;;;;;0;0;0;2;1;COVID-19 has destroyed the tourism market, and it was essential to analyze the impact of the pandemics to reconstruct the tourism sector. In this work, we analyze the tourism demand in Italy using Social Big Data. In particular, we investigate the search behavior …;https://www.researchgate.net/profile/Carlo-Drago/publication/349966593_Cluster_Validation_in_Unsupervised_Machine_Learning_with_Application_to_the_Analysis_of_the_Tourism_Demand_in_Italy_after_COVID-19_Lockdown/links/60595c31458515e8346451d6/Cluster-Validation-in-Unsupervised-Machine-Learning-with-Application-to-the-Analysis-of-the-Tourism-Demand-in-Italy-after-COVID-19-Lockdown.pdf;https://scholar.google.com/scholar?q=related:LW_5tqMK42AJ:scholar.google.com/&scioq=intitle:tourism+intitle:lockdown&hl=en&as_sdt=2007
0;AIF Ismadi, MKAM Zakaria, NAMC Abd Rani, ...;determinants of behavioural intention on virtual tourism usage among tourist in malaysia during covid-19 lockdown;2021;;umkeprints.umk.edu.my;http://umkeprints.umk.edu.my/id/eprint/11958;;25;15.12.2021 06:21;;;;;;;;;0;0;0;4;1;Ever since Movement Control Order (MCO) happens on 16th March 2020 in Malaysia due to COVID-19 pandemic, millions of tourists are unable to travel abroad due to restrictions to travel outside the country. Therefore, virtual tourism is a new concept for tourists to travel …;;
0;R Ranasinghe, J Herath, D Nawarathna, ...;lockdown pressure of corona pandemic tourism industry pull and individual travel push a critical review preprint;2021;;pesquisa.bvsalud.org;https://pesquisa.bvsalud.org/global-literature-on-novel-coronavirus-2019-ncov/resource/pt/ppcovidwho-9207;;32;15.12.2021 06:21;CITATION;;;;;;;;0;0;0;4;1;Preprints são relatos preliminares de pesquisa que não foram certificados pela revisão por pares. Eles não devem ser considerados para orientar a prática clínica ou comportamentos relacionados à saúde e não devem ser publicados na mídia como informação …;;
0;E Cocco, AF Mines, R Salvatore;dreaming remoteness under-tourism down-scaling and social dispersion in post-lockdown tourism scenarios for the inner areas of italy a fieldwork based ;2020;Fuori Luogo. Rivista di …;classiconorroena.unina.it;http://www.classiconorroena.unina.it/index.php/fuoriluogo/article/view/7124;;19;15.12.2021 06:21;;;;;;;;;0;0;0;3;1;From the end of 1970s and the neo-liberal shift in world politics and economics, inner areas of Italy have faced an apparently endless crisis. However, the sudden outbreak of the Covid-19 crisis could provoke an unexpected U-turn. Nowadays, the physical and social …;;
0;E Cocco, AF Mines, R Salvatore;dreaming of remoteness coping with emptiness in post-lockdown under tourism scenarios for the inner areas of southern italy afieldwork based reflection;2020;;research.unite.it;https://research.unite.it/handle/11575/110945;;24;15.12.2021 06:21;;;;;;;;;0;0;0;3;1;ce the neo-liberal shift of the 1970s in world politics and economics, Italian inner areas have faced a seemingly endless crisis in terms of both economic weakness and social fragility. However, the sudden outbreak of the COVID-19 crisis and its related travel restrictions could …;;
0;NR Oghazi, MS O'Neil;stay home today travel tomorrow scenarios for swiss travel  tourism in post covid-19 lockdown;2020;;coronacitizenscience.ch;https://www.coronacitizenscience.ch/wp-content/uploads/2020/08/CTT_Report_Travel_and_Tourism.pdf;;27;15.12.2021 06:21;PDF;;;;;;;;0;0;0;2;1;investigation on housing conditions and wellbeing in time of COVID-19 containment which aims to analyse different aspects of the current situation such as Travel & Tourism and develop scenarios for the future. This project also aims to enable the collaboration between …;https://www.coronacitizenscience.ch/wp-content/uploads/2020/08/CTT_Report_Travel_and_Tourism.pdf;https://scholar.google.com/scholar?q=related:h_AZaL_4F8cJ:scholar.google.com/&scioq=intitle:tourism+intitle:lockdown&hl=en&as_sdt=2007
0;G Özcan, M Kar;the future of the tourism sector after the great lockdown;;Reflections on the Pandemic;academia.edu;https://www.academia.edu/download/64532834/Reflections%20on%20the%20Pandemic%20in%20the%20Future%20of%20the%20World.pdf#page=583;;22;15.12.2021 06:21;PDF;;;;;;;;0;0;0;2;;The global coronavirus outbreak, called Great Lockdown, has negative effects on all sectors. The psychological, sociological and especially economic negative effects of the outbreak are expected to continue in the short and medium term. The tourism sector is one of the …;https://www.academia.edu/download/64532834/Reflections%20on%20the%20Pandemic%20in%20the%20Future%20of%20the%20World.pdf#page=583;https://scholar.google.com/scholar?q=related:c-1Wqud-dFEJ:scholar.google.com/&scioq=intitle:tourism+intitle:lockdown&hl=en&as_sdt=2007
0;E Coccoa, AF Minesb;dreaming of remoteness coping with emptiness in post-lockdown under tourism scenarios for the inner areas of southern italy a fieldwork based ;;scholar.archive.org;;https://scholar.archive.org/work/3p6rce3pyzcjxonxrm6efl77xm/access/wayback/http://www.serena.unina.it/index.php/fuoriluogo/article/download/7124/8184;;26;15.12.2021 06:21;PDF;;;;;;;;0;0;0;2;;In April of 2020, in the middle of the Covid-19 lockdown, Stefano Boeri, a leading architect and professor of urban studies in Milan gave an interview to the Italian newspaper “la Repubblica? (Giovara,). He stated that the future of Italy is not in big cities but instead in the …;https://scholar.archive.org/work/3p6rce3pyzcjxonxrm6efl77xm/access/wayback/http://www.serena.unina.it/index.php/fuoriluogo/article/download/7124/8184;
0;M Westlake;tourist curfew japans airports not expanding fast enough;1990;Far Eastern Economic Review;elibrary.ru;https://elibrary.ru/item.asp?id=8669624;;1;15.12.2021 07:20;CITATION;;;;;;;;0;0;0;1;31;Tourist curfew: Japan's airports not expanding fast enough … TOURIST CURFEW: JAPAN'S AIRPORTS NOT EXPANDING FAST ENOUGH …;;
0;IAA Adnyawati;local tourist favored tanah lot as a place to visit after covid-19 lockdown;2020;Bali Tourism Journal;;;;2;15.12.2021 07:19;CITATION;;;;;;;;0;0;0;1;1;;;https://scholar.google.com/scholar?q=related:vNTxkwh-eEwJ:scholar.google.com/&scioq=intitle:tourist+intitle:lockdown&hl=en&as_sdt=2007
0;Z Liu, XC Wang, J Dai, X Li, R Li;impacts of covid-19 pandemic on travel behavior in large cities of china investigation on the lockdown and reopening phases;2022;Journal of Transportation …;ascelibrary.org;https://ascelibrary.org/doi/abs/10.1061/JTEPBS.0000630;;22;15.12.2021 07:51;;10.1061/JTEPBS.0000630;;;;;;;0;0;0;5;1;The COVID-19 pandemic has caused worldwide lockdowns and similar containment measures aiming to curb the spread of the virus. Lockdown measures have been …;;
0;A Kar, HTK Le, HJ Miller;what is essential travel socioeconomic differences in travel demand in columbus ohio during the covid-19 lockdown;2021;Annals of the American Association of …;Taylor & Francis;https://www.tandfonline.com/doi/abs/10.1080/24694452.2021.1956876;;12;15.12.2021 07:51;;10.1080/24694452.2021.1956876;;;;;;;0;0;0;3;1;The COVID-19 pandemic has profoundly reshaped urban mobility. During the lockdown, workers teleworked if possible and left home only for essential activities. Our study …;https://www.tandfonline.com/doi/pdf/10.1080/24694452.2021.1956876;
0;M Scholtz, K De Ridder;brace for impact! covid-19 lockdown and the initial reaction and adaptability of flemish travel consumers;2021;Journal of Tourism, Heritage & Services …;papers.ssrn.com;https://papers.ssrn.com/sol3/papers.cfm?abstract_id=3938424;;16;15.12.2021 07:51;;;;;;;;;0;0;0;2;1;Purpose: To determine the influence of COVID-19 and the first 2020 lockdown on Flemish people's initial travel behaviour perceptions, a hypothetical scenario was posed to …;https://www.econstor.eu/bitstream/10419/243090/1/7-2-3.pdf;
0;KAA Ahmed, VS Damodharan;antecedents of travel intention in rental taxi services post coronavirus-19 lockdown;2021;International Journal of …;inderscienceonline.com;https://www.inderscienceonline.com/doi/abs/10.1504/IJMED.2021.119521;;19;15.12.2021 07:51;;10.1504/IJMED.2021.119521;;;;;;;0;0;0;2;1;The novel coronavirus disease-19 (COVID-19) has had a tremendous impact on the travel and tourism industry worldwide. This study investigates the various factors that affect travel …;;
0;A Kar, HTK Le, HJ Miller;what is essential travel socio-economic differences in travel demand during the covid-19 lockdown;2021;;osf.io;https://osf.io/preprints/qtkhb/;;20;15.12.2021 07:51;;;;;;;;;0;0;0;3;1;The COVID-19 pandemic has profoundly reshaped urban mobility. During the lockdown, workers teleworked if possible and left home only for essential activities. Our study …;https://osf.io/qtkhb/download;https://scholar.google.com/scholar?q=related:k3HCG7YyaxwJ:scholar.google.com/&scioq=intitle:travel+intitle:lockdown&hl=en&as_sdt=2007
0;K Bhattacharyya, S Dandapat, SK Annam, K Saysardar, ...;exploring public perception towards travel and covid-19 preventive measures insights from the early stages of lockdown in india;2021;;trid.trb.org;https://trid.trb.org/view/1759499;;26;15.12.2021 07:51;;;;;;;;;0;0;0;5;1;The global outbreak of Corona Virus Disease 2019 (COVID-19) has posed multifaceted challenges to the world. In order to restrict the spread of the highly contagious virus, the …;;
0;T Girum, K Lentiro, M Geremew, B Migora, ...; for covid-19 prevention from global evidence achieved through social distancing stay at home travel restriction and lockdown a systematic review;2021;Archives of Public …;Springer;https://link.springer.com/article/10.1186/s13690-021-00663-8;;33;15.12.2021 07:51;HTML;10.1186/s13690-021-00663-8;;;;;;;0;0;0;5;1;Coronavirus disease (COVID-19) is a global public health agenda with high level of pandemicity. There is no effective treatment, but prevention strategies can alter the …;https://link.springer.com/article/10.1186/s13690-021-00663-8;
0;N Kishore, R Kahn, PP Martinez, PM De Salazar, ...;lockdown related travel behavior undermines the containment of sars-cov-2;2020;medRxiv;medrxiv.org;https://www.medrxiv.org/content/10.1101/2020.10.22.20217752v1.abstract;;18;15.12.2021 07:51;;10.1101/2020.10.22.20217752v1.abstract;;;;;;;0;0;0;5;1;In response to the SARS-CoV-2 pandemic, unprecedented policies of travel restrictions and stay-at-home orders were enacted around the world. Ultimately, the public9s response to …;https://www.medrxiv.org/content/medrxiv/early/2020/10/26/2020.10.22.20217752.full.pdf;https://scholar.google.com/scholar?q=related:u6ZfQUPJYLIJ:scholar.google.com/&scioq=intitle:travel+intitle:lockdown&hl=en&as_sdt=2007
0;I Torjesen;assisted dying uk government hints at review as it confirms that travel to clinics abroad is permitted under lockdown;2020;;bmj.com;https://www.bmj.com/content/371/bmj.m4316.short;;24;15.12.2021 07:51;;;;;;;;;0;0;0;1;1;The situation was clarified by England's secretary of state for health and social care, Matt Hancock, in the House of Commons on 5 November. He also acknowledged the need for …;;https://scholar.google.com/scholar?q=related:maqiflLLjx8J:scholar.google.com/&scioq=intitle:travel+intitle:lockdown&hl=en&as_sdt=2007
0;S Abell;the lockdown travel issue;2020;TLS. Times Literary Supplement;go.gale.com;https://go.gale.com/ps/i.do?id=GALE%7CA632693071&sid=googleScholar&v=2.1&it=r&linkaccess=abs&issn=0307661X&p=AONE&sw=w;;25;15.12.2021 07:51;;;;;;;;;0;0;0;1;1;"I have never been especially intrepid. Not for me the pushbike and alphabetical tour of the United States of America; nor do I have any mordant tales of navigating the Urals using only …";;
0;K Markelova;zoom lockdown travel diaries;2020;The UNESCO Courier;un-ilibrary.org;https://www.un-ilibrary.org/content/journals/22202293/2020/3/12;;27;15.12.2021 07:51;;;;;;;;;0;0;0;1;1;Isolation, loss of income, crushing domestic burdens–women photographers have been hit hard by the lockdown imposed to curb the COVID-19 pandemic. Faced with this …;;
0;E Platt;lots of rum and no fuss reading classic travel books during lockdown;2020;TLS. Times Literary Supplement;go.gale.com;https://go.gale.com/ps/i.do?id=GALE%7CA632693072&sid=googleScholar&v=2.1&it=r&linkaccess=abs&issn=0307661X&p=AONE&sw=w;;29;15.12.2021 07:51;;;;;;;;;0;0;0;1;1;It wasn't lockdown alone that made me want to re-read Terra Incognita (1996), Sara Wheeler's brilliant account of her travels in Antarctica, but the fact that it coincided with the …;;
0;A Kasatwar, R Pimpalshende, ...;emergency extraction of foreign body from the ear by artery syringe and needle technique during sars-cov-2 pandemic travel restrictions and lockdown;2020;Journal of Datta Meghe …;journaldmims.com;"http://www.journaldmims.com/article.asp?issn=0974-3901;year=2020;volume=15;issue=4;spage=683;epage=685;aulast=Kasatwar";;30;15.12.2021 07:51;HTML;;;;;;;;0;0;0;3;1;Incidental entrapment of the foreign body (FB) in the ear is the most common findings in outward patient department. Aural foreign bodies constitute around 25% of all the patients in …;"http://www.journaldmims.com/article.asp?issn=0974-3901;year=2020;volume=15;issue=4;spage=683;epage=685;aulast=Kasatwar";https://scholar.google.com/scholar?q=related:YVJ6UaP4ZYkJ:scholar.google.com/&scioq=intitle:travel+intitle:lockdown&hl=en&as_sdt=2007
0;RD McDowall;covid-19 and data integrity what does lockdown mean for chromatograph qualification and calibration the manufacture of pharmaceutical products is classed ;2020;LC-GC North America;go.gale.com;https://go.gale.com/ps/i.do?id=GALE%7CA677253682&sid=googleScholar&v=2.1&it=r&linkaccess=abs&issn=15275949&p=AONE&sw=w;;31;15.12.2021 07:51;;;;;;;;;0;0;0;1;1;Over the past three months, as coronavirus or COVID-19 has spread from China around the world, many counties have engaged in various forms of lockdown, social distancing, or …;;https://scholar.google.com/scholar?q=related:VP8hHsWGFnIJ:scholar.google.com/&scioq=intitle:travel+intitle:lockdown&hl=en&as_sdt=2007
0;N Kishore, R Kahn, PP Martinez, PM De Salazar, ...;lockdown related travel behavior undermines thecontainment of sars-cov-2;2020;;pesquisa.bvsalud.org;https://pesquisa.bvsalud.org/global-literature-on-novel-coronavirus-2019-ncov/resource/pt/ppmedrxiv-20217752;;53;15.12.2021 07:51;;;;;;;;;0;0;0;5;1;In response to the SARS-CoV-2 pandemic, unprecedented policies of travel restrictions and stay-at-home orders were enacted around the world. Ultimately, the publics response to …;;
0;????? ?????;the pandemic covid-19 repercussions on attitude towards abroad travel and travel intention in the post-lockdown period case of a sample of algerians ;;???? ?????? ?????????? ????? ???????, 2020?;asjp.cerist.dz;https://www.asjp.cerist.dz/en/article/132726;;32;15.12.2021 07:51;;;;;;;;;0;0;0;1;;The research objective was initially to predict travellers' behaviour, in a potential after Corona period, through their risks perception, attitudes and intentions to travel abroad …;https://www.asjp.cerist.dz/en/downArticle/63/20/1/132726;
